Gender,ExpierenceYears,ExpierenceYearsGermany,SeniorityLevel,Your main technology / programming language,Other technologies/programming languages you use often,Salary,Yearly bonus + stocks in EUR,SalaryYearAgo,Employment status,Ð¡ontract duration,Main language at work,CompanySize,LostJobDueToCorona
0,"-0,7804649034097482","-0,3546269030946937",0,0,0,"0,5507148367472606","-0,4270455643437625","0,638004338968258",0,0,0,0,0
0,"-0,7804649034097482","-0,9144438570779408",0,1,1,"0,28627578309596924","-0,4270455643437625","0,7079676088581949",0,0,0,1,0
0,"2,8551259576110386","1,8846409128382946",0,2,2,"1,8729101050037178","-0,5960359244652191","0,9878206884179421",1,1,0,1,1
0,"0,3102123548964878","0,2051900508885534",1,3,3,"0,5507148367472606","2,160069563051471","0,638004338968258",0,0,0,2,0
0,"1,5826691562537631","-0,07471842610307015",1,4,4,"0,5507148367472606","-0,4615404327090323","0,9878206884179421",0,0,0,2,1
0,"-0,5986853603587088","-0,3546269030946937",0,5,1,"0,2201660196831464","-0,2545712225174136","-0,2015548997109835",0,0,0,2,0
0,"-0,5986853603587088","-0,07471842610307015",1,6,5,"0,881263653811375","-0,4270455643437625","0,8478941486380684",0,0,0,2,0
0,"-0,4169058173076695","-0,6345353800863173",0,7,6,"0,021836729444677808","-0,18558148578687403","-0,2015548997109835",0,0,0,3,0
0,"1,0373305271006452","3,0042748208047887",0,8,7,"-0,30871208761943647","-0,5477776036222067","0,008334909958826882",0,0,1,3,0
0,"-0,5986853603587088","-0,3546269030946937",0,8,8,"0,15405625627032352","-0,0820968806910647","-0,8312243287204147",0,0,0,3,0
0,"-0,4169058173076695","-0,3546269030946937",1,9,9,"0,28627578309596924","-0,2545712225174136","0,2182247196286373",0,0,0,2,0
0,"0,3102123548964878","-0,3546269030946937",0,10,10,"-0,4409316144450822","-0,4270455643437625","-0,06162835993110992",0,0,1,2,0
1,"0,1284328118454485","1,6047324358466712",0,8,11,"-0,07732791567455648","-0,5650250378048416","0,14826144973870048",0,0,1,2,0
0,"0,6737714409985665","-0,3546269030946937",1,11,12,"0,021836729444677808","1,8841106161293126","-0,4114447093807939",0,0,0,0,0
0,"3,036905500662078","3,844000251779659",0,12,13,"1,4101417611139577","-0,2545712225174136","1,8973431969871204",0,0,1,3,0
0,"-0,4169058173076695","-0,3546269030946937",0,13,14,"0,5507148367472606","-0,4270455643437625","0,4281145292984477",0,0,0,3,0
1,"-0,5986853603587088","-0,6345353800863173",2,14,15,"-0,7714804315091964","-0,2545712225174136","-0,4114447093807939",0,0,0,3,0
0,"-0,9622444464607876","-0,6345353800863173",0,9,16,"0,08794649285750067","1,9186054844945823","-1,111077408280162",0,0,0,2,0
0,"-0,4169058173076695","-0,9144438570779408",1,5,17,"0,41849530992161493","-0,2545712225174136","0,2881879895185741",0,0,0,2,0
0,"-0,7804649034097482","0,2051900508885534",0,15,18,"0,2201660196831464","-0,2545712225174136","0,49807779918838446",0,0,0,2,0
1,"-1,144023989511827","-0,6345353800863173",2,16,19,"-1,1020292485733107","-0,49603530107430205","-1,460893757729846",0,0,1,3,0
0,"-0,7804649034097482","-0,9144438570779408",0,17,20,"-0,9036999583348422","-0,39944966965154666","-0,5513712491606675",0,0,0,3,0
0,"-1,144023989511827","-0,6345353800863173",2,9,21,"-0,4409316144450822","-0,3580558276132229","-0,9711508685002883",0,0,0,2,0
0,"-0,5986853603587088","0,48509852788017693",2,9,22,"0,881263653811375","0,7802748284406797","0,8478941486380684",0,0,0,3,0
0,"-0,7804649034097482","-0,6345353800863173",2,2,23,"0,4846050733344378","1,332192722284996","0,7779308787481317",0,0,0,3,0
0,"0,3102123548964878","-0,9144438570779408",0,18,24,"0,5507148367472606","-0,4615404327090323","0,9878206884179421",0,0,0,3,0
0,"-0,7804649034097482","-0,3546269030946937",0,4,25,"-0,969809721747665","-0,32356095924795314","0,2881879895185741",0,0,0,3,0
0,"-0,5986853603587088","-0,6345353800863173",0,8,26,"-0,4409316144450822","1,9875952212251218","-0,4114447093807939",0,0,0,1,0
0,"0,4919918979475272","-0,07471842610307015",0,19,27,"-0,6392609046835508","-0,4270455643437625","-0,4114447093807939",0,0,0,2,0
0,"0,1284328118454485","0,2051900508885534",1,9,28,"0,41849530992161493","-0,5650250378048416","0,638004338968258",0,0,0,2,0
0,"0,6737714409985665","-0,07471842610307015",0,8,29,"0,5507148367472606","-0,5477776036222067","0,7779308787481317",0,0,0,2,0
0,"0,1284328118454485","-0,07471842610307015",0,8,30,"0,2201660196831464","-0,49603530107430205","-0,06162835993110992",0,0,0,2,0
0,"-0,5986853603587088","-0,6345353800863173",0,20,31,"0,2201660196831464","1,9875952212251218","-0,06162835993110992",0,0,0,2,0
0,"0,1284328118454485","-0,3546269030946937",0,8,32,"0,2201660196831464","-0,34080839343058805","0,14826144973870048",0,0,0,2,0
0,"-0,4169058173076695","0,7650070048718005",0,21,33,"-0,6392609046835508","1,7116362743029636","-0,9711508685002883",0,0,0,3,0
0,"0,1284328118454485","-0,6345353800863173",0,22,34,"-0,20954744250020219","-0,39255069597849274","0,18324308468366887",0,0,0,2,0
0,"0,1284328118454485","-0,7744896185821291",0,23,35,"-0,040306448163375676","-0,5960359244652191","0,11327981479373209",0,0,0,0,0
0,"-0,5986853603587088","0,2051900508885534",0,8,33,"-0,1103827973809679","-0,5305301694395719","-0,6213345190506043",0,0,0,2,0
0,"2,8551259576110386","-0,6345353800863173",1,17,36,"0,881263653811375","-0,4270455643437625","0,4281145292984477",0,0,0,1,0
0,"0,6737714409985665","2,4444578668215415",0,8,7,"-0,1103827973809679","-0,3063135250653183","0,2881879895185741",0,0,1,2,0
0,"0,8555509840496058","-0,07471842610307015",1,8,37,"1,5423612879396036","-0,4270455643437625","1,68745338731731",0,0,0,3,0
0,"1,5826691562537631","-0,9144438570779408",0,18,38,"-0,4409316144450822","1,815120879398773","-0,4114447093807939",0,0,0,2,0
0,"0,4919918979475272","1,044915481863424",0,24,39,"0,881263653811375","-0,2545712225174136","1,5475268475374364",0,0,1,3,0
0,"0,4919918979475272","-0,7744896185821291",1,25,27,"0,881263653811375","-0,49603530107430205","0,638004338968258",0,0,0,1,0
1,"-0,7804649034097482","-0,3546269030946937",2,22,40,"-1,432578065637425","-0,4615404327090323","-1,111077408280162",0,0,1,2,0
0,"-0,053346731205590844","-0,6345353800863173",0,8,41,"-0,1103827973809679","-0,4615404327090323","0,14826144973870048",0,0,0,1,0
0,"-0,23512627425663019","-0,6345353800863173",0,6,42,"-0,1103827973809679","-0,4270455643437625","0,2881879895185741",0,0,0,3,0
0,"0,1284328118454485","-0,6345353800863173",1,26,43,"1,6084710513524263","-0,4615404327090323","0,9878206884179421",0,0,0,1,0
1,"0,1284328118454485","-0,21467266459888193",0,17,0,"-0,4409316144450822","-0,4270455643437625","-0,06162835993110992",0,0,0,3,0
0,"-0,7804649034097482","-0,6345353800863173",2,26,44,"-0,5731511412707279","-0,24422276200783266","-0,6563161539955727",0,0,0,2,0
0,"-0,7804649034097482","0,2051900508885534",2,9,45,"-0,4409316144450822","-0,4270455643437625","-0,4114447093807939",0,0,0,2,0
1,"0,8555509840496058","0,7650070048718005",1,8,46,"-0,17649256079379078","-0,3615053144497499","-0,2015548997109835",0,0,0,1,0
0,"0,1284328118454485","-0,07471842610307015",1,27,47,"0,3523855465087921","-0,5305301694395719","0,008334909958826882",0,0,0,2,0
0,"-0,053346731205590844","1,3248239588550477",0,8,48,"-0,7714804315091964","-0,43739402485334344","0,07829817984876368",0,0,1,3,0
0,"-1,5439389842241131","-0,9704255524762656",3,8,49,"-1,5647975924630708","-0,5960359244652191","-1,2510039480600355",0,0,0,1,0
0,"0,3102123548964878","0,7650070048718005",0,28,50,"-0,7714804315091964","1,5391619324766148","-1,3209672179499723",0,0,0,3,0
1,"-0,5986853603587088","-0,07471842610307015",0,11,51,"-0,4409316144450822","-0,5650250378048416","-0,6912977889405412",0,0,0,2,0
1,"-0,9622444464607876","-0,6345353800863173",2,29,52,"-0,4409316144450822","1,9186054844945823","-0,2715181696009203",0,0,1,3,0
0,"1,0373305271006452","-0,3546269030946937",1,26,53,"1,8729101050037178","-0,2545712225174136","2,2471595464368046",0,0,0,1,0
1,"-0,5986853603587088","-0,07471842610307015",0,30,54,"-0,1103827973809679","-0,5305301694395719","0,2881879895185741",0,0,1,3,0
0,"0,1284328118454485","0,2051900508885534",0,31,18,"-0,7714804315091964","2,0565849579556614","0,11327981479373209",0,0,0,3,0
0,"-0,7804649034097482","0,2051900508885534",2,32,11,"-1,0359194851604878","-0,013107143960525145","-0,9011875986103515",0,0,1,3,0
0,"-0,23512627425663019","-0,07471842610307015",0,8,7,"1,5423612879396036","-0,3580558276132229","0,5680410690783213",0,0,0,3,0
0,"-0,053346731205590844","0,2051900508885534",0,9,55,"0,6168246001600836","-0,18040725553208356","1,029798650351904",0,0,0,2,0
0,"1,0373305271006452","-0,3546269030946937",0,33,56,"0,021836729444677808","-0,2545712225174136","-0,2715181696009203",0,0,0,3,1
0,"0,8555509840496058","0,48509852788017693",4,34,57,"1,5423612879396036","-0,2545712225174136","1,337637037867626",0,0,0,2,0
0,"-0,7804649034097482","-0,7744896185821291",2,8,46,"-0,507041377857905","-0,39255069597849274","-0,2015548997109835",0,0,0,2,0
0,"0,8555509840496058","-0,6345353800863173",0,35,58,"-0,7714804315091964","1,4701721957460752","-0,9711508685002883",0,0,0,2,0
0,"1,5826691562537631","2,724366343813165",1,8,59,"0,41849530992161493","-0,32356095924795314","0,7079676088581949",0,0,1,3,0
0,"0,4919918979475272","2,164549389829918",0,8,60,"-0,1103827973809679","-0,5477776036222067","0,14826144973870048",0,0,1,2,0
0,"0,1284328118454485","-0,3546269030946937",1,9,61,"1,344031997701135","-0,5960359244652191","1,337637037867626",0,0,0,0,0
0,"0,4919918979475272","0,48509852788017693",0,8,62,"0,08794649285750067","-0,3580558276132229","0,4281145292984477",0,0,0,0,0
0,"-0,053346731205590844","0,2051900508885534",1,36,63,"1,2118124708754892","-0,5995199061701114","0,638004338968258",0,0,0,2,2
0,"2,128007785406881","-0,3546269030946937",0,8,64,"0,5507148367472606","-0,5995199061701114","0,8478941486380684",0,0,0,2,0
0,"0,1284328118454485","-0,07471842610307015",0,14,65,"0,881263653811375","0,2628518029616331","0,4281145292984477",0,0,0,3,0
0,"2,8551259576110386","4,403817205762906",1,37,66,"0,2201660196831464","0,09037746113528419","0,49807779918838446",0,0,1,3,0
0,"-0,5986853603587088","0,48509852788017693",2,38,67,"-0,6392609046835508","1,815120879398773","-0,8312243287204147",0,0,1,3,0
0,"0,1284328118454485","-0,07471842610307015",0,8,7,"-0,1103827973809679","-0,5995199061701114","0,2881879895185741",0,0,0,2,3
0,"-0,3260160457821498","-0,7744896185821291",2,39,68,"-0,24260232420661362","-0,5822724719874764","-1,2510039480600355",0,0,0,2,0
0,"-0,4169058173076695","-0,6345353800863173",0,20,69,"0,021836729444677808","-0,5995199061701114","0,008334909958826882",0,0,0,1,0
0,"0,1284328118454485","-0,07471842610307015",0,18,70,"-0,5400962595643165","1,5909042350245195","-0,4114447093807939",0,0,0,2,0
1,"0,4919918979475272","0,2051900508885534",2,40,32,"-0,1103827973809679","-0,5995199061701114","0,2881879895185741",0,0,0,2,0
0,"0,1284328118454485","-0,3546269030946937",0,41,71,"-0,24260232420661362","-0,5995199061701114","0,14826144973870048",0,0,0,1,0
0,"0,4919918979475272","-0,6345353800863173",1,28,72,"0,41849530992161493","-0,32356095924795314","-0,13159162982104672",0,0,1,3,0
0,"0,6737714409985665","0,48509852788017693",1,8,46,"1,1833852726079754","0,09865622954294893","1,1445384129714005",0,0,0,3,0
1,"-0,053346731205590844","-0,3546269030946937",0,42,73,"0,41849530992161493","-0,49603530107430205","-0,06162835993110992",0,0,0,2,0
0,"1,0373305271006452","0,2051900508885534",0,43,74,"-0,1103827973809679","1,815120879398773","-0,06162835993110992",0,0,0,0,0
1,"-0,7804649034097482","-0,07471842610307015",2,44,75,"-0,30871208761943647","-0,4270455643437625","-0,06162835993110992",0,0,0,2,0
0,"1,0373305271006452","-0,3546269030946937",0,26,76,"0,881263653811375","-0,4270455643437625","2,3870860862166783",0,0,0,3,0
0,"-0,053346731205590844","-0,3546269030946937",2,0,77,"-0,37482185103225935","-0,5995199061701114","-0,13159162982104672",0,0,0,2,0
0,"-0,9622444464607876","-0,07471842610307015",2,36,78,"-0,4409316144450822","1,815120879398773","-0,7612610588304779",0,0,1,2,0
0,"0,8555509840496058","-0,07471842610307015",0,18,79,"-0,24260232420661362","-0,5995199061701114","0,14826144973870048",0,0,0,0,0
0,"-0,9622444464607876","-0,07471842610307015",3,12,80,"-1,6970171192887165","-0,5305301694395719","-1,6008202975097194",0,0,1,4,0
0,"0,4919918979475272","-0,3546269030946937",0,6,81,"0,2201660196831464","1,9875952212251218","0,2881879895185741",0,0,0,2,0
0,"-0,7804649034097482","-0,6345353800863173",2,45,25,"-1,1020292485733107","-0,4615404327090323","-0,7612610588304779",0,0,0,1,0
0,"0,1284328118454485","1,6047324358466712",0,2,18,"0,28627578309596924","-0,18558148578687403","0,49807779918838446",0,0,0,2,0
0,"2,3097873284579205","1,6047324358466712",0,46,13,"-1,6970171192887165","0,9872440386322985","-1,3909304878399091",0,0,0,4,0
0,"-0,23512627425663019","-0,7744896185821291",2,6,18,"-0,4409316144450822","-0,5995199061701114","-0,4114447093807939",0,0,0,2,0
0,"-0,7804649034097482","0,48509852788017693",0,2,82,"-0,30871208761943647","-0,5305301694395719","-1,5308570276197828",1,0,0,4,1
0,"-1,325803532562866","-0,6345353800863173",2,9,80,"-1,5647975924630708","-0,4270455643437625","-1,5868276435317321",0,0,1,1,0
0,"1,5826691562537631","-0,4945811415905055",0,19,83,"-0,7714804315091964","-0,5995199061701114","-0,4114447093807939",0,0,0,3,0
0,"-0,053346731205590844","0,2051900508885534",1,5,84,"1,2118124708754892","-0,5995199061701114","0,9878206884179421",0,0,0,2,0
0,"-0,23512627425663019","-0,3546269030946937",0,2,85,"0,08794649285750067","-0,5857219588240035","-0,4814079792707307",0,0,0,3,0
0,"1,0373305271006452","0,7650070048718005",0,47,86,"-0,27565720591302506","-0,34080839343058805","-0,06162835993110992",0,0,0,3,0
0,"-0,5986853603587088","-0,7744896185821291",2,5,5,"-0,37482185103225935","-0,595307047896661","0,008334909958826882",0,0,0,3,0
0,"-0,7804649034097482","-0,7744896185821291",2,8,87,"-1,1020292485733107","-0,4270455643437625","-1,6707835673996563",0,0,1,2,0
0,"0,6737714409985665","-0,3546269030946937",0,20,88,"0,2201660196831464","0,09037746113528419","0,14826144973870048",0,0,0,3,0
0,"2,3097873284579205","-0,3546269030946937",0,8,89,"0,021836729444677808","-0,4270455643437625","-1,460893757729846",0,0,1,3,0
0,"0,3102123548964878","-0,6345353800863173",0,9,5,"0,881263653811375","-0,4615404327090323","1,337637037867626",0,0,0,0,0
0,"3,4004645867641563","0,48509852788017693",0,12,13,"0,4515501916280264","-0,5995199061701114","0,8828757835830369",0,0,0,0,0
0,"0,4919918979475272","-0,9144438570779408",0,8,68,"0,7490441269857292","-0,5822724719874764","0,638004338968258",0,0,0,3,0
0,"-0,23512627425663019","1,044915481863424",1,9,90,"-0,4409316144450822","-0,41324761699765455","0,3161732974745488",2,0,0,4,0
0,"1,0373305271006452","-0,6345353800863173",1,8,91,"0,5507148367472606","-0,18558148578687403","0,7079676088581949",0,0,0,3,0
0,"1,7644486993048025","0,7650070048718005",1,9,92,"1,575416169646015","-0,09934431487369959","1,9673064668770572",0,0,0,3,0
0,"0,8555509840496058","0,7650070048718005",0,2,2,"0,021836729444677808","2,0565849579556614","0,2881879895185741",0,0,0,2,0
0,"-1,144023989511827","-0,6345353800863173",2,48,93,"0,3920514045564858","0,901006867719124","0,4281145292984477",0,0,0,3,0
0,"0,6737714409985665","-0,3546269030946937",1,49,94,"1,5423612879396036","-0,0820968806910647","1,68745338731731",0,0,0,0,0
0,"-0,4169058173076695","-0,3546269030946937",0,2,95,"-1,4061341602722959","1,1390214594394854","-1,111077408280162",0,0,0,3,0
0,"1,0373305271006452","0,2051900508885534",0,8,96,"-0,1103827973809679","-0,5995199061701114","-0,4114447093807939",0,1,0,1,0
0,"-0,9622444464607876","-0,9144438570779408",2,23,97,"-0,07732791567455648","-0,5995199061701114","-0,5513712491606675",0,0,0,3,0
0,"0,3102123548964878","-0,3546269030946937",1,18,98,"0,2201660196831464","-0,5995199061701114","0,638004338968258",0,0,0,2,0
1,"-1,144023989511827","-0,3546269030946937",2,9,9,"-0,9036999583348422","-0,5650250378048416","-0,7612610588304779",0,0,0,0,0
0,"3,5822441298151957","-0,6345353800863173",1,2,99,"-2,8341050499892697","0,39393230274965824","-2,594298729946822",0,0,1,1,0
0,"0,3102123548964878","-0,4945811415905055",0,14,70,"-0,37482185103225935","-0,5305301694395719","-0,9011875986103515",0,0,0,2,0
0,"-0,23512627425663019","-0,6345353800863173",1,17,25,"0,2201660196831464","2,3670387732430895","-0,4114447093807939",0,0,0,1,0
0,"-1,144023989511827","-1,1943523340695643",2,36,27,"-1,829236646114362","-0,49603530107430205","-1,5308570276197828",0,0,0,0,0
0,"-0,053346731205590844","-0,6345353800863173",0,18,70,"-0,7714804315091964","-0,5650250378048416","-1,460893757729846",0,0,0,1,0
0,"-0,23512627425663019","0,2051900508885534",0,22,100,"0,3457745701675098","2,0703829053017695","0,2881879895185741",0,0,0,2,0
0,"-0,9622444464607876","-0,6345353800863173",1,8,101,"1,5423612879396036","-0,5995199061701114","1,6174901174273733",0,0,0,3,0
0,"-0,9622444464607876","-0,3546269030946937",2,8,65,"-1,0359194851604878","-0,5995199061701114","-0,6912977889405412",0,0,0,3,0
1,"-1,144023989511827","-0,3546269030946937",2,23,102,"-0,7714804315091964","-0,5995199061701114","-0,7612610588304779",0,0,0,2,0
0,"-0,053346731205590844","-0,6345353800863173",0,35,103,"0,021836729444677808","-0,5991059677497281","-0,06162835993110992",0,0,0,3,0
0,"1,0373305271006452","-0,3546269030946937",0,9,104,"-0,1103827973809679","-0,5995199061701114","0,2881879895185741",0,0,0,2,0
0,"1,946228242355842","0,48509852788017693",0,11,105,"0,2201660196831464","-0,5995199061701114","0,638004338968258",0,0,0,2,0
0,"-0,23512627425663019","-1,1943523340695643",0,50,106,"2,2034589220678322","1,4701721957460752","1,337637037867626",0,0,0,3,0
0,"-0,9622444464607876","-0,9144438570779408",2,14,107,"-0,6392609046835508","1,5391619324766148","-1,81071010717953",0,0,0,3,0
0,"-0,7804649034097482","-0,21467266459888193",1,51,108,"1,2118124708754892","-0,5650250378048416","0,638004338968258",0,0,0,1,0
0,"0,1284328118454485","0,48509852788017693",0,8,23,"1,0795929440498435","3,539864297662262","1,407600307757563",0,0,0,3,0
0,"0,3102123548964878","-0,07471842610307015",0,52,109,"0,6168246001600836","-0,5995199061701114","0,638004338968258",0,0,0,2,0
0,"0,1284328118454485","-0,07471842610307015",0,17,36,"-0,1103827973809679","-0,5995199061701114","0,2881879895185741",0,0,0,3,1
0,"-0,5986853603587088","-0,6345353800863173",2,53,110,"1,8729101050037178","0,09037746113528419","0,49807779918838446",0,0,0,3,0
0,"-1,144023989511827","-1,1943523340695643",3,8,28,"-2,754773333893882","-0,5995199061701114","-2,594298729946822",0,0,0,1,0
1,"-0,5986853603587088","-0,6345353800863173",0,20,111,"-0,27565720591302506","-0,5995199061701114","-0,31349613153488237",0,0,0,3,0
0,"-1,325803532562866","-1,1943523340695643",2,14,112,"-1,5647975924630708","-0,2545712225174136","-1,7407468372895931",0,1,0,3,0
1,"-1,325803532562866","-0,6345353800863173",2,36,6,"-0,507041377857905","-0,5995199061701114","-1,111077408280162",0,0,0,2,0
0,"2,49156687150896","3,284183297796412",0,12,113,"1,2118124708754892","2,711987456895787","0,7079676088581949",0,0,1,3,0
1,"-0,23512627425663019","1,044915481863424",0,12,114,"-0,969809721747665","-0,5477776036222067","-0,8312243287204147",0,0,1,0,0
0,"0,3102123548964878","1,8846409128382946",0,54,115,"0,2201660196831464","-0,4270455643437625","0,4281145292984477",0,0,1,3,0
0,"1,2191100701516844","-0,6345353800863173",0,47,116,"0,7490441269857292","-0,22007635415214383","0,9878206884179421",0,0,0,3,0
0,"0,4919918979475272","0,7650070048718005",0,8,117,"-0,3549889220084125","-0,5650250378048416","-0,06162835993110992",0,0,1,2,0
0,"-0,053346731205590844","0,2051900508885534",0,55,49,"-0,7714804315091964","-0,5995199061701114","-0,4114447093807939",0,0,0,2,0
0,"0,1284328118454485","0,2051900508885534",5,18,118,"1,8729101050037178","-0,5995199061701114","1,2676737679776893",0,0,0,3,0
0,"1,0373305271006452","0,48509852788017693",0,56,119,"0,5044380023582846","-0,18903097262340102","0,49807779918838446",0,0,1,3,0
0,"-0,7804649034097482","-0,3546269030946937",2,57,120,"-1,5647975924630708","-0,5995199061701114","-1,460893757729846",0,0,0,4,0
0,"-0,5986853603587088","-0,6345353800863173",2,18,121,"-0,7714804315091964","-0,5995199061701114","-0,4114447093807939",0,0,0,2,0
0,"0,1284328118454485","-0,6345353800863173",0,58,18,"-0,7714804315091964","-0,5995199061701114","-0,7612610588304779",0,0,0,1,0
0,"1,0373305271006452","0,2051900508885534",0,23,122,"0,5507148367472606","-0,39255069597849274","0,8478941486380684",0,0,0,0,0
0,"-1,144023989511827","-0,3546269030946937",2,36,123,"-0,7714804315091964","-0,39255069597849274","-0,9711508685002883",0,0,0,3,0
0,"0,1284328118454485","-0,07471842610307015",0,11,124,"0,2201660196831464","-0,4270455643437625","0,638004338968258",0,0,0,3,0
0,"-0,9622444464607876","-0,07471842610307015",3,14,125,"-0,6392609046835508","-0,32356095924795314","-1,111077408280162",0,0,1,3,0
0,"1,4008896132027238","1,3248239588550477",0,6,126,"0,2201660196831464","-0,32356095924795314","0,49807779918838446",0,0,0,2,0
0,"-0,5986853603587088","-0,3546269030946937",2,8,127,"0,6829343635729064","-0,18558148578687403","1,9673064668770572",0,0,0,3,0
0,"0,8555509840496058","-0,4945811415905055",0,8,128,"0,3523855465087921","-0,5995199061701114","0,23921370059561833",0,0,0,2,0
0,"1,0373305271006452","-0,6345353800863173",4,9,129,"1,8729101050037178","3,539864297662262","0,9878206884179421",0,0,0,2,0
0,"-1,144023989511827","-0,3546269030946937",1,22,64,"-0,1103827973809679","-0,5995199061701114","-0,06162835993110992",0,0,0,1,0
0,"0,1284328118454485","-0,07471842610307015",0,8,79,"-0,1103827973809679","-0,5995199061701114","0,2881879895185741",0,0,0,1,0
0,"-0,053346731205590844","1,3248239588550477",1,8,130,"1,8729101050037178","-0,5995199061701114","2,3870860862166783",0,0,1,0,0
0,"0,1284328118454485","-0,3546269030946937",0,17,25,"0,5507148367472606","-0,13383918323896937","-0,13159162982104672",0,0,0,3,0
0,"-1,325803532562866","-0,6345353800863173",2,9,131,"-1,1681390119861337","-0,5995199061701114","-0,8312243287204147",0,0,0,3,0
0,"2,128007785406881","-0,3546269030946937",0,8,132,"0,021836729444677808","-0,5995199061701114","-0,2015548997109835",0,0,1,2,0
0,"-0,053346731205590844","1,3248239588550477",0,59,133,"-0,7714804315091964","0,2628518029616331","-0,4114447093807939",0,0,1,3,0
1,"-1,5075830756139055","-0,3546269030946937",2,60,64,"-0,7714804315091964","-0,4270455643437625","-0,5513712491606675",0,0,0,0,0
1,"-1,5075830756139055","-0,9144438570779408",3,61,103,"-1,432578065637425","-0,5995199061701114","-1,111077408280162",0,0,0,1,0
0,"0,3102123548964878","1,8846409128382946",0,9,110,"-0,7714804315091964","-0,5650250378048416","-0,4114447093807939",0,0,1,2,0
0,"1,4008896132027238","1,3248239588550477",1,62,49,"0,6168246001600836","-0,3580558276132229","1,057783958307879",0,0,1,1,0
0,"-0,4169058173076695","-0,07471842610307015",0,63,134,"-0,1103827973809679","1,815120879398773","-0,06162835993110992",0,0,0,2,0
0,"-0,5986853603587088","-0,6345353800863173",2,8,135,"-0,5268743068817519","-0,5443281167856797","-0,4114447093807939",0,0,0,3,0
0,"-0,9622444464607876","-0,07471842610307015",2,22,136,"-0,1103827973809679","-0,4097981301611276","0,2881879895185741",0,0,0,2,0
1,"0,1284328118454485","-0,3546269030946937",2,64,6,"-1,5647975924630708","-0,5995199061701114","-1,81071010717953",2,0,1,2,0
1,"-0,053346731205590844","-0,07471842610307015",1,8,137,"-0,37482185103225935","-0,5995199061701114","-0,4114447093807939",0,0,0,2,0
1,"-0,9622444464607876","-0,07471842610307015",2,9,138,"-0,4409316144450822","-0,4615404327090323","-0,6912977889405412",0,0,0,2,0
0,"-0,5986853603587088","0,48509852788017693",2,65,32,"-0,16327060811122618","-0,5995199061701114","0,08529450683775737",0,0,0,2,0
0,"-0,4169058173076695","-0,9144438570779408",0,22,139,"0,021836729444677808","-0,5995199061701114","-0,06162835993110992",0,0,0,1,0
0,"-0,7804649034097482","-0,3546269030946937",2,22,140,"-0,8375901949220194","-0,5995199061701114","-0,7612610588304779",0,0,0,2,0
0,"0,1284328118454485","1,6047324358466712",0,66,141,"1,0795929440498435","-0,5995199061701114","0,9878206884179421",0,0,1,3,0
0,"-0,7804649034097482","-0,9144438570779408",2,26,142,"-0,4409316144450822","-0,5995199061701114","-0,4114447093807939",0,0,0,2,0
0,"-0,9622444464607876","-1,1943523340695643",2,67,143,"-2,258950108297711","-0,5995199061701114","-2,160526456629214",0,0,2,2,0
0,"0,1284328118454485","0,2051900508885534",2,64,97,"-0,4409316144450822","-0,4270455643437625","-0,06162835993110992",0,0,0,0,0
0,"-0,7804649034097482","-0,07471842610307015",2,8,119,"-1,0359194851604878","-0,32356095924795314","-0,9711508685002883",0,0,0,1,0
0,"1,2191100701516844","0,2051900508885534",0,8,144,"0,7490441269857292","-0,013107143960525145","0,9878206884179421",0,0,0,3,0
0,"-0,7804649034097482","-0,6345353800863173",0,8,145,"0,31933066480238065","-0,5995199061701114","0,4281145292984477",0,0,0,3,0
0,"-0,23512627425663019","-0,21467266459888193",0,68,106,"-0,7714804315091964","-0,5995199061701114","-0,7612610588304779",0,0,0,1,0
0,"-0,23512627425663019","-0,3546269030946937",0,69,6,"0,4846050733344378","-0,4270455643437625","0,07829817984876368",0,0,0,3,0
0,"-0,7804649034097482","-0,3546269030946937",2,9,146,"1,2118124708754892","0,021387724404744634","1,68745338731731",0,0,0,2,0
0,"-0,5986853603587088","-0,9144438570779408",2,9,123,"0,6829343635729064","0,7285325258927751","0,8478941486380684",0,0,0,3,1
0,"0,1284328118454485","0,2051900508885534",0,26,147,"0,41849530992161493","-0,5305301694395719","0,638004338968258",0,0,0,1,0
0,"0,1284328118454485","-0,6345353800863173",6,9,148,"2,8645565561960606","0,2628518029616331","1,057783958307879",0,0,0,0,0
0,"-0,4169058173076695","-0,21467266459888193",0,17,6,"-0,4409316144450822","-0,5995199061701114","-0,2715181696009203",0,1,0,0,0
0,"0,1284328118454485","-0,3546269030946937",0,70,149,"0,2201660196831464","-0,2545712225174136","0,638004338968258",0,0,0,2,0
0,"-1,325803532562866","-1,1943523340695643",2,8,82,"-2,358114753416945","-0,5167322220934639","-2,6502693458587716",0,0,0,3,0
1,"-0,5986853603587088","0,2051900508885534",0,14,9,"0,28627578309596924","-0,2545712225174136","-0,2015548997109835",0,0,0,3,0
0,"-1,325803532562866","-0,6345353800863173",2,9,150,"-1,1681390119861337","-0,5650250378048416","-2,4403795361889613",0,0,0,3,0
0,"-1,144023989511827","-0,3546269030946937",0,26,151,"-0,4409316144450822","-0,2545712225174136","-0,5513712491606675",0,0,0,3,0
0,"-0,9622444464607876","-0,07471842610307015",2,56,16,"-0,37482185103225935","-0,39255069597849274","-0,32748878551286975",0,0,0,2,0
1,"-1,325803532562866","-0,6345353800863173",2,9,152,"-0,6392609046835508","-0,5995199061701114","-0,5513712491606675",0,0,1,2,0
1,"-0,9622444464607876","-0,9144438570779408",2,71,153,"-1,7631268827015394","-0,5995199061701114","-1,460893757729846",0,1,0,2,1
0,"-1,144023989511827","-0,3546269030946937",2,72,6,"-1,895346409527185","-0,45119197219945134","-1,6008202975097194",0,0,0,0,0
0,"-0,9622444464607876","-0,6345353800863173",0,0,6,"0,08794649285750067","-0,5995199061701114","0,2881879895185741",0,0,0,2,0
0,"0,3102123548964878","0,2051900508885534",0,68,142,"0,15405625627032352","-0,22007635415214383","0,4281145292984477",0,0,0,3,0
0,"1,0373305271006452","0,48509852788017693",4,9,154,"0,5507148367472606","-0,5995199061701114","-0,06162835993110992",0,0,0,3,0
0,"1,0373305271006452","-0,07471842610307015",7,2,155,"0,3523855465087921","0,09037746113528419","0,7779308787481317",0,0,0,3,0
0,"-0,23512627425663019","-0,9144438570779408",0,73,29,"0,3523855465087921","-0,5995199061701114","0,4281145292984477",0,0,0,3,0
0,"1,0373305271006452","-0,3546269030946937",0,9,156,"-1,0359194851604878","1,4356773273808054","-0,6912977889405412",0,0,0,1,0
0,"0,1284328118454485","1,6047324358466712",0,29,157,"0,5507148367472606","-0,5995199061701114","0,9878206884179421",0,0,0,3,0
0,"1,5826691562537631","1,6047324358466712",4,2,155,"1,7406905781780722","0,2628518029616331","2,2471595464368046",0,0,0,3,0
0,"1,946228242355842","0,2051900508885534",0,9,68,"1,4101417611139577","-0,5650250378048416","1,5475268475374364",0,0,0,3,0
0,"1,5826691562537631","0,7650070048718005",1,18,158,"1,8729101050037178","2,8499669303568664","0,9878206884179421",0,0,0,0,0
0,"0,1284328118454485","-0,3546269030946937",1,64,159,"0,2201660196831464","-0,5995199061701114","0,2881879895185741",0,0,0,2,0
0,"-1,144023989511827","-0,3546269030946937",2,13,160,"-0,5731511412707279","1,6050126361859147","-1,0830921003241871",0,0,1,0,0
0,"3,764023672866235","-0,9144438570779408",0,18,161,"-1,1020292485733107","-0,5995199061701114","-0,7612610588304779",0,0,0,1,0
0,"1,0373305271006452","-0,9144438570779408",0,74,82,"0,41849530992161493","-0,5995199061701114","0,8478941486380684",0,0,0,3,0
0,"-0,053346731205590844","0,2051900508885534",1,64,32,"1,8068003415908949","2,8154720619915965","1,6174901174273733",0,0,0,2,0
0,"1,0373305271006452","-1,1943523340695643",0,75,162,"1,2118124708754892","-0,5995199061701114","1,68745338731731",0,0,0,1,0
0,"0,8555509840496058","2,164549389829918",2,76,163,"0,2201660196831464","-0,5995199061701114","0,5330594341333529",0,0,0,2,0
0,"1,946228242355842","0,48509852788017693",1,12,56,"0,881263653811375","-0,0820968806910647","0,9878206884179421",0,0,0,3,0
0,"1,0373305271006452","3,0042748208047887",0,77,139,"-0,5731511412707279","-0,3580558276132229","-0,2015548997109835",0,0,1,0,0
0,"0,1284328118454485","0,48509852788017693",1,74,49,"1,5423612879396036","-0,0820968806910647","0,638004338968258",0,0,0,3,0
0,"-0,9622444464607876","-0,6345353800863173",2,8,164,"-0,30871208761943647","1,832368313581408","-1,111077408280162",0,0,0,3,0
0,"-0,5986853603587088","-0,3546269030946937",0,9,165,"-1,2342487753989564","-0,5995199061701114","-0,9011875986103515",0,0,0,3,0
1,"-1,144023989511827","-0,6345353800863173",2,8,11,"-1,2342487753989564","-0,4270455643437625","-1,2510039480600355",0,0,1,3,0
0,"-0,053346731205590844","1,3248239588550477",0,9,68,"0,3523855465087921","-0,5995199061701114","0,2881879895185741",0,0,1,2,0
0,"1,0373305271006452","1,6047324358466712",0,28,166,"0,5507148367472606","2,160069563051471","0,07829817984876368",0,0,0,1,0
0,"1,946228242355842","2,724366343813165",0,78,167,"-0,8508121476045839","0,11452386899097304","-0,6633124809845664",0,0,1,3,0
0,"-0,23512627425663019","-0,3546269030946937",0,56,168,"0,2201660196831464","-0,5650250378048416","0,4630961642434161",0,0,0,3,0
0,"0,6737714409985665","-0,3546269030946937",0,9,169,"0,881263653811375","-0,4270455643437625","0,638004338968258",0,0,0,2,0
0,"1,0373305271006452","-0,6345353800863173",0,8,170,"-0,1103827973809679","1,9875952212251218","0,2881879895185741",0,0,0,1,0
0,"0,1284328118454485","0,48509852788017693",0,19,171,"0,41849530992161493","2,0910798263209314","0,8478941486380684",0,0,1,4,0
1,"-0,7804649034097482","0,2051900508885534",0,9,172,"0,2201660196831464","-0,5995199061701114","0,638004338968258",2,0,0,0,0
0,"3,218685043713117","4,123908728771283",0,8,173,"-0,969809721747665","-0,5995199061701114","-0,6213345190506043",0,0,1,2,0
1,"-1,5075830756139055","-0,9144438570779408",2,79,28,"-0,5731511412707279","-0,5995199061701114","-1,6707835673996563",0,0,0,3,0
0,"-0,23512627425663019","-1,1943523340695643",0,17,25,"-0,7714804315091964","-0,39255069597849274","-0,4114447093807939",0,0,0,2,0
0,"-0,9622444464607876","-0,07471842610307015",2,8,174,"-1,829236646114362","-0,39255069597849274","-1,5308570276197828",0,0,1,2,0
0,"-1,325803532562866","-0,9144438570779408",1,80,7,"1,2118124708754892","-0,3580558276132229","2,1771962765468675",0,0,0,3,0
0,"-0,23512627425663019","0,2051900508885534",4,36,64,"0,7159892452793178","-0,5995199061701114","-0,06162835993110992",0,0,0,3,0
1,"0,1284328118454485","-0,6345353800863173",2,9,175,"0,2201660196831464","-0,5995199061701114","0,2881879895185741",0,0,0,1,1
0,"-0,7804649034097482","-0,9144438570779408",2,81,18,"-0,7714804315091964","-0,5995199061701114","-0,5513712491606675",0,0,0,2,0
0,"1,2191100701516844","-1,1943523340695643",0,17,176,"0,881263653811375","-0,5995199061701114","1,337637037867626",0,0,0,2,0
0,"-1,144023989511827","-0,3546269030946937",2,82,177,"-1,1681390119861337","-0,39255069597849274","-1,460893757729846",0,0,1,3,0
0,"-0,4169058173076695","-0,4945811415905055",0,2,178,"-0,4409316144450822","-0,28906609088268337","-0,4114447093807939",0,0,0,3,0
0,"1,2191100701516844","-0,6345353800863173",0,4,179,"-0,4409316144450822","-0,5995199061701114","-0,7612610588304779",0,0,0,2,0
0,"0,1284328118454485","-0,3546269030946937",0,83,180,"0,6168246001600836","0,9527491702670287","1,057783958307879",0,0,0,3,0
0,"0,4919918979475272","1,044915481863424",0,8,147,"0,15405625627032352","-0,5995199061701114","0,2182247196286373",0,0,0,2,0
0,"0,1284328118454485","0,7650070048718005",0,10,181,"-0,9301438636999714","-0,32356095924795314","-0,5793565571166422",0,0,1,2,0
1,"-0,23512627425663019","-0,07471842610307015",0,42,182,"0,2201660196831464","-0,5995199061701114","-0,13159162982104672",0,0,0,2,0
0,"3,764023672866235","7,202901975679142",0,84,183,"-0,7714804315091964","-0,4270455643437625","-1,111077408280162",0,0,1,3,0
0,"-0,23512627425663019","0,2051900508885534",0,6,184,"1,2118124708754892","2,8499669303568664","1,337637037867626",0,0,0,3,0
0,"0,1284328118454485","-0,3546269030946937",1,20,185,"0,5507148367472606","-0,5995199061701114","0,18324308468366887",0,0,0,0,0
0,"-0,053346731205590844","-0,3546269030946937",1,85,186,"0,08794649285750067","-0,5650250378048416","-0,06162835993110992",0,0,0,2,0
0,"-0,5986853603587088","-0,3546269030946937",0,86,32,"0,005309288591472094","-0,39255069597849274","0,008334909958826882",0,0,0,3,0
0,"-0,4169058173076695","0,2051900508885534",0,23,187,"0,5507148367472606","-0,5995199061701114","0,7079676088581949",0,0,0,1,0
0,"-0,4169058173076695","-0,3546269030946937",0,8,188,"-0,37482185103225935","-0,49603530107430205","0,008334909958826882",0,0,0,3,0
0,"0,1284328118454485","1,6047324358466712",2,14,189,"-0,4409316144450822","-0,5995199061701114","-0,06162835993110992",0,0,0,0,0
0,"1,946228242355842","3,0042748208047887",0,87,190,"0,6829343635729064","-0,18558148578687403","1,1277472281978156",0,0,1,3,0
0,"1,0373305271006452","-0,6345353800863173",4,9,129,"1,8729101050037178","3,539864297662262","0,9878206884179421",0,0,0,2,0
0,"1,4008896132027238","0,2051900508885534",1,88,191,"0,021836729444677808","-0,32356095924795314","0,4630961642434161",0,0,0,3,0
0,"1,4008896132027238","-0,9144438570779408",0,17,6,"0,3523855465087921","-0,5822724719874764","0,3581512594085109",0,0,0,3,0
0,"-0,9622444464607876","-0,6345353800863173",2,18,137,"-1,895346409527185","-0,5995199061701114","-1,6008202975097194",0,0,0,4,0
0,"1,7644486993048025","0,2051900508885534",0,8,192,"0,2201660196831464","-0,5995199061701114","0,49807779918838446",0,0,0,2,0
1,"-0,7804649034097482","0,2051900508885534",2,47,28,"-0,4409316144450822","2,0565849579556614","-1,3909304878399091",0,0,1,4,0
1,"-0,9622444464607876","-0,07471842610307015",2,18,193,"-1,3664683022246022","-0,4615404327090323","-1,3209672179499723",0,0,1,2,0
0,"0,6737714409985665","-0,6345353800863173",0,36,102,"-0,1103827973809679","-0,5650250378048416","-0,06162835993110992",0,0,0,1,0
0,"-1,325803532562866","-0,6345353800863173",1,89,34,"-0,1103827973809679","-0,39255069597849274","-0,4114447093807939",0,0,0,3,0
1,"-1,5075830756139055","-0,9144438570779408",3,47,190,"-1,432578065637425","-0,5995199061701114","-1,111077408280162",0,0,1,0,0
0,"-0,9622444464607876","-0,9144438570779408",2,8,194,"-1,1020292485733107","-0,5995199061701114","-0,7612610588304779",0,0,0,2,0
0,"-0,7804649034097482","-0,9144438570779408",2,8,195,"-0,37482185103225935","-0,5995199061701114","-0,4114447093807939",0,0,0,2,0
0,"-0,5986853603587088","-0,9144438570779408",0,23,196,"0,4846050733344378","-0,2545712225174136","0,7779308787481317",0,0,0,3,0
1,"0,1284328118454485","-0,3546269030946937",2,90,137,"-1,961456172940008","-0,5995199061701114","-2,3704162662990242",0,0,0,1,0
0,"-0,23512627425663019","-0,6345353800863173",2,9,140,"0,15405625627032352","-0,22007635415214383","0,4281145292984477",0,0,0,3,0
1,"-0,053346731205590844","0,2051900508885534",2,91,197,"0,15405625627032352","-0,2545712225174136","-0,06162835993110992",0,0,0,2,0
0,"0,6737714409985665","0,2051900508885534",1,0,198,"2,0712393952421864","6,299453766883845","1,8273799270971838",0,0,0,2,0
0,"0,4919918979475272","2,164549389829918",4,92,32,"0,2201660196831464","1,9875952212251218","0,638004338968258",0,0,1,4,0
0,"-1,325803532562866","-0,6345353800863173",3,23,53,"-1,432578065637425","-0,5995199061701114","-2,160526456629214",0,0,1,3,0
0,"1,0373305271006452","1,6047324358466712",1,8,199,"0,41849530992161493","-0,18558148578687403","0,8478941486380684",0,0,1,2,0
0,"-0,4169058173076695","-0,6345353800863173",2,9,200,"0,5507148367472606","-0,18558148578687403","-0,06162835993110992",0,0,0,3,0
0,"-0,23512627425663019","-0,6345353800863173",0,93,7,"0,2201660196831464","-0,5650250378048416","0,638004338968258",0,0,0,3,0
1,"-1,5075830756139055","-0,9144438570779408",3,7,201,"-0,969809721747665","-0,5650250378048416","-0,8312243287204147",0,0,0,3,0
0,"1,2191100701516844","0,2051900508885534",2,58,12,"-0,4409316144450822","-0,5995199061701114","-0,06162835993110992",0,0,1,0,0
0,"1,7644486993048025","0,7650070048718005",0,75,202,"1,0134831806370206","2,746482325261057","1,1277472281978156",0,0,0,1,0
0,"-0,5986853603587088","0,06523581239274162",0,14,203,"0,5507148367472606","-0,2545712225174136","0,7079676088581949",0,0,0,3,0
0,"-0,9622444464607876","-0,6345353800863173",2,9,204,"-0,7714804315091964","-0,39255069597849274","-0,4114447093807939",0,0,0,3,0
0,"0,1284328118454485","0,2051900508885534",0,9,205,"0,5507148367472606","-0,2545712225174136","0,2881879895185741",0,0,0,3,0
0,"-0,5986853603587088","-0,7744896185821291",2,9,206,"0,7490441269857292","-0,5995199061701114","0,638004338968258",0,0,0,3,0
0,"-1,144023989511827","-0,3546269030946937",2,9,207,"-0,24260232420661362","-0,32356095924795314","-0,4114447093807939",0,0,0,0,0
0,"1,2191100701516844","0,48509852788017693",0,9,208,"1,8729101050037178","0,435326144787982","2,3870860862166783",0,0,0,3,0
0,"1,0373305271006452","-0,3546269030946937",0,6,209,"0,2201660196831464","-0,5995199061701114","0,49807779918838446",0,0,0,2,0
0,"1,946228242355842","-0,6345353800863173",0,18,210,"-0,4409316144450822","-0,4270455643437625","-0,2015548997109835",0,0,0,2,0
0,"-0,053346731205590844","0,2051900508885534",2,8,160,"-0,7714804315091964","1,6426465375724242","-0,6213345190506043",0,0,0,3,0
0,"1,946228242355842","0,48509852788017693",1,6,211,"0,881263653811375","-0,5995199061701114","0,638004338968258",0,0,0,1,0
0,"0,3102123548964878","0,2051900508885534",0,9,212,"0,08794649285750067","0,435326144787982","0,07829817984876368",0,0,0,2,0
0,"-0,053346731205590844","-0,6345353800863173",0,4,25,"0,5507148367472606","-0,2545712225174136","0,07829817984876368",0,0,0,3,0
1,"-0,23512627425663019","-0,07471842610307015",0,22,213,"0,3523855465087921","-0,5995199061701114","0,2881879895185741",0,0,0,3,0
0,"0,6737714409985665","0,48509852788017693",2,2,18,"-0,1103827973809679","-0,49603530107430205","0,14826144973870048",0,0,0,3,0
0,"0,6737714409985665","-0,6345353800863173",1,12,214,"-0,4409316144450822","-0,5995199061701114","-0,06162835993110992",0,0,0,0,0
0,"1,0373305271006452","-0,07471842610307015",0,8,21,"0,881263653811375","-0,5995199061701114","1,337637037867626",0,0,0,1,0
0,"-0,4169058173076695","0,2051900508885534",1,14,100,"0,5507148367472606","-0,2545712225174136","1,337637037867626",0,0,0,3,1
0,"-1,325803532562866","-0,6345353800863173",3,8,215,"-0,7714804315091964","-0,5995199061701114","-0,4114447093807939",0,0,1,4,0
0,"-0,7804649034097482","-0,3546269030946937",2,9,33,"-1,7631268827015394","-0,5995199061701114","-1,460893757729846",0,0,0,4,0
0,"1,0373305271006452","3,0042748208047887",1,9,216,"0,5507148367472606","-0,0820968806910647","0,638004338968258",0,0,0,3,0
0,"-0,7804649034097482","-0,07471842610307015",4,9,152,"0,5507148367472606","2,5050182467041684","0,2881879895185741",0,0,0,1,0
0,"0,1284328118454485","1,6047324358466712",0,94,115,"0,2201660196831464","2,160069563051471","0,49807779918838446",0,0,3,2,0
0,"-0,7804649034097482","-0,9144438570779408",0,17,25,"-1,432578065637425","-0,5995199061701114","-1,111077408280162",0,0,0,1,0
0,"-0,9622444464607876","-0,07471842610307015",2,9,217,"-0,6723157863899621","1,6943888401203289","-0,9011875986103515",0,0,0,1,0
0,"-0,9622444464607876","-0,07471842610307015",2,29,28,"0,41849530992161493","-0,4615404327090323","0,8478941486380684",0,0,0,3,0
0,"0,8555509840496058","0,48509852788017693",4,68,218,"0,8151538903985521","2,29804903651255","1,2676737679776893",0,0,0,4,0
0,"-0,7804649034097482","0,2051900508885534",2,29,219,"-1,4986878290502479","-0,5995199061701114","-1,2510039480600355",0,0,0,2,0
0,"-0,7804649034097482","-0,6345353800863173",0,8,170,"-0,1103827973809679","-0,5995199061701114","-0,4114447093807939",0,0,0,2,0
0,"0,1284328118454485","1,6047324358466712",0,8,220,"-0,1103827973809679","-0,5995199061701114","0,2881879895185741",0,0,0,1,0
0,"0,1284328118454485","0,7650070048718005",1,95,221,"2,8645565561960606","-0,013107143960525145","2,3870860862166783",0,0,0,3,0
0,"0,1284328118454485","0,2051900508885534",0,39,18,"0,2201660196831464","-0,34080839343058805","-0,06162835993110992",0,0,0,2,0
0,"0,4919918979475272","-0,6345353800863173",1,5,5,"1,4762515245267807","-0,5995199061701114","1,8273799270971838",0,0,0,3,0
0,"-0,9622444464607876","-0,07471842610307015",0,9,18,"1,8729101050037178","2,8499669303568664","1,407600307757563",0,0,0,3,0
0,"-0,23512627425663019","0,2051900508885534",0,12,222,"-0,30871208761943647","-0,39255069597849274","-0,1665732647660151",0,0,0,1,0
0,"-0,053346731205590844","1,3248239588550477",0,96,223,"-0,27744216952517126","-0,5995199061701114","-0,2015548997109835",0,0,0,2,0
1,"0,1284328118454485","-0,07471842610307015",1,8,224,"-0,4409316144450822","-0,39255069597849274","-0,7612610588304779",0,0,1,3,0
0,"1,0373305271006452","1,6047324358466712",2,2,18,"-0,7714804315091964","-0,5995199061701114","-0,4114447093807939",0,1,0,2,0
0,"0,1284328118454485","-0,07471842610307015",0,18,225,"0,4846050733344378","-0,5995199061701114","0,638004338968258",0,0,0,3,0
0,"0,4919918979475272","-0,07471842610307015",0,18,7,"-0,4409316144450822","-0,39255069597849274","-0,5513712491606675",0,0,1,3,0
0,"-0,23512627425663019","1,044915481863424",0,97,226,"-0,507041377857905","1,9186054844945823","-0,13159162982104672",0,0,1,3,0
0,"0,6737714409985665","-0,6345353800863173",1,8,227,"2,2034589220678322","-0,0820968806910647","0,2881879895185741",0,0,0,1,0
0,"-0,5986853603587088","-0,3546269030946937",2,9,228,"0,15405625627032352","0,12487232950055396","0,2881879895185741",0,0,0,3,0
1,"-0,23512627425663019","0,7650070048718005",0,98,229,"0,881263653811375","-0,3580558276132229","1,2117031520657398",0,0,4,3,0
0,"0,4919918979475272","0,48509852788017693",0,8,46,"1,344031997701135","0,7802748284406797","1,337637037867626",0,0,0,3,0
0,"0,8555509840496058","-1,1943523340695643",1,99,230,"1,8729101050037178","-0,5995199061701114","0,9878206884179421",0,1,0,0,0
0,"-0,23512627425663019","0,7650070048718005",0,100,159,"0,3689129873619978","2,4101573586996765","-0,06162835993110992",0,0,0,2,0
0,"-0,7804649034097482","-0,9144438570779408",2,36,6,"-0,7714804315091964","-0,5995199061701114","-0,4114447093807939",0,0,0,2,0
0,"1,946228242355842","-0,3546269030946937",2,20,231,"-0,1103827973809679","0,09037746113528419","0,2881879895185741",0,0,0,3,0
0,"1,946228242355842","4,403817205762906",1,8,206,"0,15405625627032352","-0,39255069597849274","0,5680410690783213",0,0,1,3,0
0,"-0,5986853603587088","0,48509852788017693",4,2,232,"1,2118124708754892","-0,5650250378048416","0,2881879895185741",0,0,1,3,0
0,"-1,144023989511827","-0,3546269030946937",2,9,233,"-0,4409316144450822","-0,49603530107430205","-1,3209672179499723",0,0,0,2,0
0,"-0,7804649034097482","-0,9144438570779408",2,101,234,"-0,17649256079379078","-0,5305301694395719","-0,4114447093807939",0,0,0,2,0
1,"-0,5986853603587088","-0,07471842610307015",2,2,18,"-0,9036999583348422","-0,39255069597849274","-0,9011875986103515",0,0,1,3,0
0,"-0,5986853603587088","-0,3546269030946937",0,6,81,"-0,1103827973809679","1,8496157477640427","-0,13159162982104672",0,0,0,3,0
0,"-1,144023989511827","-1,1943523340695643",0,9,157,"-1,4854658763676833","-0,5305301694395719","-1,4958753926748143",0,0,0,3,0
0,"-1,5075830756139055","-0,9144438570779408",3,9,235,"-1,895346409527185","0,8837594335364891","-1,6707835673996563",0,0,0,4,1
0,"0,4919918979475272","-0,21467266459888193",0,9,236,"0,3523855465087921","-0,18558148578687403","-0,06162835993110992",0,0,0,3,1
0,"-0,7804649034097482","-1,1943523340695643",0,29,28,"-2,0936756997656536","-0,5995199061701114","-1,81071010717953",0,0,5,3,0
0,"-0,7804649034097482","-1,1943523340695643",0,9,237,"-0,507041377857905","-0,5995199061701114","-1,81071010717953",0,0,0,1,0
0,"-0,5986853603587088","0,2051900508885534",4,77,85,"1,2118124708754892","-0,34080839343058805","1,5475268475374364",0,0,0,3,0
1,"-0,5986853603587088","-0,07471842610307015",0,8,18,"0,9209295118590687","-0,2545712225174136","0,638004338968258",0,0,0,2,0
0,"-1,325803532562866","-0,6345353800863173",2,9,7,"-1,0888072958907462","-0,5995199061701114","-1,111077408280162",0,1,0,3,0
0,"-0,5986853603587088","0,48509852788017693",4,9,238,"1,344031997701135","-0,11659174905633449","0,638004338968258",0,0,1,3,0
0,"0,8555509840496058","0,48509852788017693",1,42,239,"1,6084710513524263","2,8499669303568664","1,337637037867626",0,0,0,3,0
0,"0,4919918979475272","-1,1943523340695643",1,9,240,"0,881263653811375","2,6774925885305176","0,9878206884179421",0,0,0,3,0
0,"-0,5986853603587088","-0,07471842610307015",0,42,241,"1,2118124708754892","2,8154720619915965","0,9878206884179421",0,0,0,3,0
0,"-0,9622444464607876","-0,07471842610307015",4,14,236,"2,2034589220678322","-0,5995199061701114","1,337637037867626",0,0,1,1,0
0,"0,8555509840496058","0,48509852788017693",2,102,7,"-0,4409316144450822","-0,4270455643437625","-0,54857271836507",0,0,1,2,0
0,"0,6737714409985665","-0,7744896185821291",0,9,242,"0,7490441269857292","-0,5995199061701114","0,49807779918838446",0,0,0,0,0
0,"-1,325803532562866","-0,6345353800863173",2,103,146,"-1,432578065637425","-0,5822724719874764","-1,6707835673996563",0,0,0,3,0
0,"0,8555509840496058","0,48509852788017693",1,8,222,"0,5507148367472606","-0,4270455643437625","0,2881879895185741",0,0,0,2,0
0,"-1,325803532562866","-0,6345353800863173",2,9,243,"-1,432578065637425","-0,4270455643437625","-1,460893757729846",0,0,0,1,0
0,"-0,5986853603587088","-0,6345353800863173",2,9,70,"-0,8375901949220194","-0,5995199061701114","-0,8312243287204147",0,0,0,0,0
0,"-0,7804649034097482","-0,07471842610307015",2,9,244,"-1,267303657105368","-0,5995199061701114","-0,9361692335553199",0,0,0,1,0
0,"-0,4169058173076695","0,48509852788017693",0,104,157,"0,7490441269857292","0,09037746113528419","0,638004338968258",0,0,0,2,0
0,"-1,144023989511827","-1,1943523340695643",2,9,245,"-1,432578065637425","-0,2545712225174136","-2,510342806078898",1,0,0,2,0
0,"-0,7804649034097482","-0,6345353800863173",0,9,246,"0,2201660196831464","-0,5995199061701114","0,638004338968258",0,0,0,1,1
0,"-0,053346731205590844","1,3248239588550477",2,77,247,"1,0795929440498435","-0,4270455643437625","1,4775635776474996",0,0,0,3,0
0,"0,4919918979475272","2,164549389829918",0,105,248,"0,15405625627032352","-0,11659174905633449","0,3581512594085109",0,0,0,3,0
0,"-0,4169058173076695","0,2051900508885534",0,106,200,"0,6829343635729064","2,2290592997820102","0,638004338968258",0,0,0,2,0
0,"0,1284328118454485","1,6047324358466712",0,9,249,"0,6829343635729064","-0,5995199061701114","0,9178574185280053",0,0,0,2,0
0,"-0,5986853603587088","0,2051900508885534",0,107,250,"-0,45415356712764676","-0,27354340011831196","-0,4954006332487181",0,0,0,1,0
0,"0,4919918979475272","0,48509852788017693",1,23,105,"0,6829343635729064","-0,5305301694395719","0,9878206884179421",0,0,0,3,0
0,"0,1284328118454485","1,6047324358466712",1,8,251,"0,5507148367472606","0,7802748284406797","0,9878206884179421",0,0,1,3,0
0,"-0,053346731205590844","-0,9144438570779408",2,108,252,"0,3523855465087921","-0,5995199061701114","0,5680410690783213",0,0,0,3,0
1,"-0,7804649034097482","0,2051900508885534",0,22,253,"0,5507148367472606","-0,5995199061701114","0,638004338968258",0,0,1,3,0
0,"-0,7804649034097482","-0,9144438570779408",2,8,254,"-1,201193893692545","1,2459555513718217","-1,111077408280162",0,0,0,3,0
0,"1,2191100701516844","0,48509852788017693",0,85,49,"-0,6128169993184216","-0,4270455643437625","-0,4114447093807939",0,0,3,3,0
0,"-1,325803532562866","-1,0543980955737526",8,9,255,"-2,424224516829768","0,6078004866143308","-2,510342806078898",3,1,1,4,0
0,"-1,144023989511827","-1,1943523340695643",0,9,256,"-0,6392609046835508","-0,49603530107430205","-0,2715181696009203",0,0,0,3,0
1,"-0,053346731205590844","-0,3546269030946937",0,109,181,"-0,7714804315091964","-0,4615404327090323","-1,0411141383902252",0,0,0,3,0
0,"0,1284328118454485","-0,07471842610307015",2,8,163,"-0,4012657563973885","-0,5719240114778955","0,07829817984876368",0,0,0,2,0
1,"-1,144023989511827","-0,4945811415905055",2,39,257,"-1,2342487753989564","-0,5995199061701114","-1,6008202975097194",0,0,0,2,0
0,"-0,5986853603587088","0,48509852788017693",1,79,258,"0,41849530992161493","-0,5995199061701114","0,8478941486380684",0,0,0,0,0
0,"1,946228242355842","0,2051900508885534",0,36,10,"1,8729101050037178","-0,5995199061701114","1,68745338731731",0,0,0,3,0
1,"-1,5075830756139055","-0,9144438570779408",3,110,246,"-2,358114753416945","0,6422953549796007","-2,0905631867392773",0,0,0,3,0
0,"-1,144023989511827","-0,3546269030946937",3,11,259,"-0,4409316144450822","-0,15108661742160426","-0,06162835993110992",0,0,0,3,0
0,"0,1284328118454485","1,6047324358466712",7,111,260,"1,8729101050037178","0,6078004866143308","1,337637037867626",0,0,0,3,0
0,"-0,053346731205590844","-0,07471842610307015",0,11,261,"-0,7714804315091964","-0,5305301694395719","-0,7612610588304779",0,1,0,3,0
0,"-0,053346731205590844","-0,07471842610307015",0,11,261,"-0,7714804315091964","-0,5305301694395719","-0,7612610588304779",0,1,0,3,0
1,"-0,9622444464607876","-0,9144438570779408",2,12,80,"-0,507041377857905","-0,5995199061701114","-0,7612610588304779",0,0,6,3,0
0,"-0,9622444464607876","-0,3546269030946937",2,9,262,"-1,1020292485733107","-0,5995199061701114","-1,460893757729846",0,0,0,3,0
0,"-0,7804649034097482","-0,6345353800863173",2,8,263,"0,15405625627032352","-0,49603530107430205","0,14826144973870048",0,0,0,3,0
1,"0,3102123548964878","-0,6345353800863173",0,81,28,"-0,7714804315091964","-0,5305301694395719","-0,4114447093807939",0,0,1,3,0
0,"0,6737714409985665","0,2051900508885534",4,8,264,"1,2118124708754892","-0,4270455643437625","0,9878206884179421",0,0,0,2,0
0,"-0,4169058173076695","-0,6345353800863173",0,8,140,"0,2201660196831464","-0,16833405160423914","0,638004338968258",0,0,0,2,0
0,"-0,9622444464607876","-0,6345353800863173",2,14,18,"-0,9036999583348422","-0,5995199061701114","-0,7612610588304779",0,0,0,2,0
0,"0,4919918979475272","0,48509852788017693",2,42,265,"0,2201660196831464","2,6774925885305176","0,5680410690783213",0,0,0,3,0
0,"-0,7804649034097482","-0,9144438570779408",2,8,199,"-1,432578065637425","1,1252235120933776","-1,111077408280162",0,0,3,2,0
0,"1,7644486993048025","-0,3546269030946937",0,18,266,"-0,37482185103225935","-0,4615404327090323","-0,06162835993110992",0,0,0,2,0
0,"0,8555509840496058","-0,07471842610307015",0,42,43,"1,5423612879396036","3,712338639488611","1,68745338731731",0,0,0,3,0
1,"-0,7804649034097482","0,2051900508885534",0,9,267,"1,0134831806370206","-0,0820968806910647","0,7779308787481317",0,0,0,3,0
0,"-0,9622444464607876","-0,07471842610307015",0,9,268,"-0,24260232420661362","-0,5995199061701114","-0,13159162982104672",0,0,0,2,0
0,"0,6737714409985665","0,2051900508885534",1,36,97,"0,7490441269857292","-0,49603530107430205","0,9878206884179421",0,0,0,3,0
0,"-0,5986853603587088","0,48509852788017693",0,9,269,"2,534007739131946","0,2628518029616331","-0,06162835993110992",0,0,0,2,0
0,"-0,5986853603587088","-0,6345353800863173",0,0,32,"1,4101417611139577","-0,2545712225174136","0,9878206884179421",0,0,0,1,0
1,"-0,9622444464607876","-0,6345353800863173",2,9,18,"0,13422332724647668","2,173867510397579","0,07829817984876368",0,0,0,3,0
0,"0,1284328118454485","1,6047324358466712",0,9,236,"0,881263653811375","0,09037746113528419","-0,23653653465595192",0,0,0,2,0
0,"0,1284328118454485","1,3248239588550477",0,9,18,"1,0498435505140733","-0,5995199061701114","1,337637037867626",0,0,1,2,0
0,"-0,053346731205590844","-0,9144438570779408",0,112,6,"-0,4409316144450822","-0,4270455643437625","-0,06162835993110992",0,0,0,0,0
0,"-1,325803532562866","-0,6345353800863173",2,9,80,"-0,7714804315091964","1,6426465375724242","-1,2510039480600355",0,0,1,1,0
1,"0,6737714409985665","-0,07471842610307015",2,113,6,"-1,5816555821333407","-0,4684394063820862","-1,2688445818819694",4,0,0,3,0
1,"-1,2349137610373464","-0,6345353800863173",3,14,270,"-0,7714804315091964","1,4701721957460752","-0,4114447093807939",0,0,0,4,1
0,"0,8555509840496058","-0,9144438570779408",0,2,82,"1,7406905781780722","0,36633640805744244","1,68745338731731",0,0,0,3,0
1,"-1,4166933040883858","-1,1943523340695643",2,9,32,"-1,4424945301493486","-0,5822724719874764","-2,0905631867392773",0,0,0,1,0
0,"0,4919918979475272","0,48509852788017693",2,19,271,"-0,4409316144450822","0,48706844733588667","-0,06162835993110992",0,0,0,3,0
0,"-0,9622444464607876","-0,7744896185821291",2,114,97,"-2,258950108297711","-0,5995199061701114","-2,2304897265191506",0,0,1,2,0
1,"-1,144023989511827","-0,6345353800863173",2,9,32,"-0,4409316144450822","-0,5995199061701114","-0,06162835993110992",0,0,0,3,0
0,"1,0373305271006452","-0,07471842610307015",1,6,272,"0,881263653811375","-0,49603530107430205","0,9878206884179421",0,0,0,3,0
0,"-0,7804649034097482","1,6047324358466712",0,8,171,"-0,1103827973809679","-0,4270455643437625","-0,06162835993110992",1,0,1,4,0
0,"-1,144023989511827","-0,3546269030946937",4,9,71,"1,8729101050037178","0,09037746113528419","-0,06162835993110992",0,0,1,0,4
0,"0,6737714409985665","0,2051900508885534",0,10,273,"-0,24260232420661362","-0,5995199061701114","0,14826144973870048",0,0,0,3,0
1,"-0,7804649034097482","0,2051900508885534",2,8,34,"-1,4061341602722959","-0,5995199061701114","-1,0830921003241871",0,0,0,1,0
0,"-0,7804649034097482","0,2051900508885534",2,9,274,"-1,1020292485733107","1,4701721957460752","-0,7612610588304779",0,0,0,2,0
0,"-0,7804649034097482","0,2051900508885534",0,115,82,"-0,7053706680963736","1,5736568008418845","-0,5513712491606675",0,0,0,3,0
0,"-0,9622444464607876","-0,6345353800863173",2,9,21,"-1,432578065637425","-0,5995199061701114","-1,460893757729846",0,0,0,2,0
0,"0,1284328118454485","-0,3546269030946937",1,17,142,"0,2201660196831464","-0,4270455643437625","0,638004338968258",0,0,0,2,0
0,"0,1284328118454485","-0,9144438570779408",0,8,275,"-0,7714804315091964","-0,4270455643437625","-0,4114447093807939",0,0,0,2,0
0,"-1,325803532562866","0,2051900508885534",3,8,6,"-0,24260232420661362","-0,5305301694395719","-0,4114447093807939",0,0,0,2,0
0,"-1,5075830756139055","-0,9144438570779408",3,116,123,"-1,7300720009951278","0,9699966044496635","-1,81071010717953",0,0,0,0,0
0,"0,4919918979475272","-0,6345353800863173",2,8,276,"0,021836729444677808","-0,32356095924795314","0,4281145292984477",0,0,0,2,0
0,"-0,9622444464607876","-0,07471842610307015",0,14,277,"-0,30871208761943647","-0,4270455643437625","-0,4114447093807939",0,0,0,0,0
0,"1,4008896132027238","0,2051900508885534",0,117,278,"0,881263653811375","-0,5305301694395719","0,14826144973870048",0,0,0,3,0
0,"-0,4169058173076695","-0,3546269030946937",0,118,279,"0,6829343635729064","-0,5995199061701114","0,8478941486380684",0,0,0,2,0
0,"1,0373305271006452","-0,07471842610307015",0,8,46,"0,881263653811375","-0,2545712225174136","0,9878206884179421",0,0,0,2,0
0,"0,8555509840496058","-0,6345353800863173",1,12,280,"0,8151538903985521","2,5740079834347083","0,4281145292984477",0,0,0,1,0
0,"-1,325803532562866","-0,6345353800863173",0,22,255,"0,5507148367472606","-0,3580558276132229","-0,06162835993110992",0,0,1,3,0
0,"1,0373305271006452","3,0042748208047887",0,42,172,"1,8068003415908949","-0,5581260641317877","2,317122816326741",0,0,1,3,0
0,"-0,23512627425663019","0,48509852788017693",1,119,281,"1,2118124708754892","0,09037746113528419","1,337637037867626",0,0,0,2,0
0,"-0,7804649034097482","-0,3546269030946937",2,120,282,"-1,1681390119861337","-0,2545712225174136","-0,9711508685002883",0,0,0,4,0
0,"-1,144023989511827","-1,1943523340695643",2,2,283,"-1,7631268827015394","-0,5995199061701114","-1,460893757729846",0,0,0,4,0
0,"-1,2349137610373464","-1,1943523340695643",2,121,1,"-0,7714804315091964","1,4701721957460752","-1,985618281904372",0,0,0,3,1
0,"1,0373305271006452","-0,07471842610307015",1,8,284,"0,2201660196831464","1,9875952212251218","-0,06162835993110992",0,0,0,0,0
0,"-0,5986853603587088","0,48509852788017693",0,9,285,"1,344031997701135","-0,4270455643437625","1,68745338731731",0,0,0,4,0
1,"-1,325803532562866","-0,6345353800863173",2,23,42,"-0,5731511412707279","-0,49603530107430205","-1,111077408280162",0,0,0,2,0
0,"3,764023672866235","4,123908728771283",1,37,286,"2,534007739131946","3,194915614009564","1,68745338731731",0,0,0,0,0
0,"-0,8713546749352679","-0,4945811415905055",2,9,21,"-0,7714804315091964","-0,2545712225174136","-0,4114447093807939",0,0,0,0,0
0,"-0,5986853603587088","-0,07471842610307015",2,9,85,"-0,1103827973809679","1,9875952212251218","0,07829817984876368",0,0,0,3,0
0,"-1,6893626186649449","-1,1943523340695643",3,9,287,"-2,0936756997656536","-0,5995199061701114","-2,2304897265191506",0,0,1,3,0
0,"0,3102123548964878","-0,9144438570779408",0,26,111,"0,05489161115108924","-0,2545712225174136","0,2881879895185741",0,0,0,3,0
0,"-0,053346731205590844","0,2051900508885534",0,26,288,"0,881263653811375","2,5050182467041684","1,1277472281978156",0,0,0,3,0
0,"1,2191100701516844","-0,07471842610307015",1,8,289,"-0,6062060229771393","-0,5995199061701114","-0,44642634432576234",0,0,0,0,0
0,"1,0373305271006452","-0,07471842610307015",1,8,182,"0,881263653811375","-0,0820968806910647","0,9878206884179421",0,0,0,3,0
0,"0,6737714409985665","0,7650070048718005",2,8,97,"1,5423612879396036","0,6078004866143308","0,9178574185280053",0,0,0,3,0
0,"0,4919918979475272","-0,07471842610307015",0,42,290,"0,2201660196831464","-0,34080839343058805","0,4281145292984477",0,0,0,3,0
0,"2,8551259576110386","3,0042748208047887",2,9,291,"0,2201660196831464","-0,4270455643437625","0,9878206884179421",0,0,0,3,0
0,"-0,9622444464607876","-1,1943523340695643",2,122,292,"-2,754773333893882","-0,5995199061701114","-2,510342806078898",0,0,5,0,0
1,"-0,7804649034097482","-0,6345353800863173",0,64,209,"-0,507041377857905","-0,5305301694395719","-0,4114447093807939",0,0,0,3,0
0,"1,0373305271006452","0,48509852788017693",0,18,8,"-0,1103827973809679","-0,5305301694395719","0,07829817984876368",0,0,0,2,0
0,"1,0373305271006452","-0,9144438570779408",0,123,7,"-0,24260232420661362","-0,49603530107430205","0,14826144973870048",0,0,0,3,0
0,"0,1284328118454485","0,48509852788017693",0,23,78,"1,8729101050037178","-0,4270455643437625","1,68745338731731",0,0,0,2,0
0,"0,8555509840496058","1,044915481863424",0,17,293,"0,2201660196831464","-0,5995199061701114","0,638004338968258",0,0,0,1,0
0,"0,1284328118454485","1,6047324358466712",2,12,222,"-0,37482185103225935","-0,39255069597849274","-0,5513712491606675",0,0,1,0,0
0,"1,4008896132027238","-0,9144438570779408",0,56,294,"1,2118124708754892","-0,5995199061701114","1,337637037867626",0,0,0,3,0
0,"-1,144023989511827","-0,3546269030946937",2,8,295,"-0,9036999583348422","-0,5995199061701114","-1,6707835673996563",0,0,0,2,0
0,"0,3102123548964878","-0,9144438570779408",0,124,296,"1,2118124708754892","2,5050182467041684","0,9878206884179421",0,0,0,3,0
0,"-0,7804649034097482","-0,9144438570779408",0,60,18,"-2,424224516829768","-0,5995199061701114","-2,160526456629214",0,1,0,2,0
1,"0,1284328118454485","-0,3546269030946937",0,8,7,"-1,5978524741694822","-0,5995199061701114","-1,285985583005004",0,0,0,1,0
0,"0,1284328118454485","-0,07471842610307015",1,125,181,"-0,4409316144450822","-0,5995199061701114","-0,4114447093807939",0,0,0,1,0
0,"-0,053346731205590844","0,2051900508885534",0,2,297,"0,08794649285750067","-0,047602012325794925","0,49807779918838446",0,0,0,3,0
0,"-0,9622444464607876","-0,6345353800863173",2,126,6,"-1,432578065637425","-0,5995199061701114","-1,111077408280162",0,0,0,1,0
0,"0,1284328118454485","1,6047324358466712",2,35,46,"-0,24260232420661362","-0,5305301694395719","-0,06162835993110992",0,0,0,3,0
0,"-0,5986853603587088","0,2051900508885534",2,39,18,"-0,1103827973809679","0,435326144787982","-0,4114447093807939",0,0,0,3,0
1,"-1,144023989511827","-0,3546269030946937",1,13,32,"-0,9301438636999714","-0,5995199061701114","-1,0271214844122378",0,0,0,2,0
0,"-0,23512627425663019","-0,9144438570779408",0,18,137,"-0,24260232420661362","-0,5477776036222067","-0,06162835993110992",0,0,0,0,0
0,"-0,7804649034097482","0,2051900508885534",0,6,298,"0,2201660196831464","-0,5995199061701114","0,2881879895185741",0,0,0,2,0
0,"0,8555509840496058","-0,07471842610307015",1,8,188,"1,5423612879396036","-0,4270455643437625","1,8273799270971838",0,0,0,3,0
0,"0,8555509840496058","-1,1943523340695643",1,12,299,"1,2118124708754892","0,7802748284406797","0,2881879895185741",0,0,0,3,0
0,"0,4919918979475272","0,2051900508885534",1,14,97,"1,8729101050037178","-0,2545712225174136","1,337637037867626",0,0,0,0,0
0,"1,946228242355842","4,403817205762906",4,127,300,"1,5423612879396036","-0,0820968806910647","2,0372697367669943",0,0,1,2,1
0,"-1,0531342179863072","-0,21467266459888193",3,2,85,"-1,1020292485733107","1,2976978539197264","-0,9011875986103515",0,0,1,3,0
0,"0,1284328118454485","0,7650070048718005",0,126,301,"0,881263653811375","2,3325439048778196","0,9878206884179421",0,0,0,2,0
0,"-0,7804649034097482","-0,6345353800863173",0,0,6,"-0,22607488335340792","-0,5995199061701114","-0,06162835993110992",0,0,0,2,0
0,"-0,4169058173076695","-0,3546269030946937",2,8,302,"-0,5731511412707279","-0,4615404327090323","-0,2015548997109835",0,0,0,2,0
1,"0,1284328118454485","-0,6345353800863173",3,8,7,"-0,7714804315091964","1,4701721957460752","-0,7612610588304779",0,0,1,3,0
0,"-0,4169058173076695","0,2051900508885534",0,8,303,"0,28627578309596924","-0,49603530107430205","-0,06162835993110992",0,0,0,3,1
0,"1,0373305271006452","0,2051900508885534",0,35,46,"0,8614307247875281","-0,5650250378048416","1,1977104980877524",0,0,0,2,0
0,"0,1284328118454485","0,2051900508885534",4,26,304,"1,5423612879396036","-0,5995199061701114","0,9878206884179421",0,0,0,1,0
0,"-0,053346731205590844","0,2051900508885534",0,8,305,"-0,1103827973809679","1,8841106161293126","0,2881879895185741",0,0,0,0,1
0,"1,0373305271006452","-0,6345353800863173",1,18,306,"2,534007739131946","-0,5995199061701114","1,68745338731731",0,0,0,2,0
0,"-0,4169058173076695","0,7650070048718005",2,36,307,"-2,2027568093968113","0,813044953387686","-2,244482380497138",0,0,1,2,0
0,"-1,325803532562866","-0,6345353800863173",2,128,308,"-0,4409316144450822","-0,3753032617958578","-1,81071010717953",0,0,0,0,0
